mairie;e_commune
Abengourou;Mairie dÆAbengourou officiel | Facebook
Abobo;Mairie de la commune d'Abobo | Abidjan Abidjan | Facebook
Aboisso;
Adiakķ;
Adjamķ;Mairie d'Adjamķ | Abidjan Abidjan | Facebook
Adzopķ;
Affķry;
Agboville;
Agnibilķkrou;
Agou;
Akoupķ;
Alķpķ;
Anoumaba;
Anyama;
Arrah;
Assinie;
Assuķffry;
Attķcoubķ;Mairie Attķcoubķ
Attiegouakro;
Ayamķ;
Azaguiķ;
Bako;
Bangolo;
Bassawa;
Bķdiala;
Bķoumi;
Bķttiķ;
Biankouma;
Bingerville;
Bin-Houyķ;
Blolķquin;
Bocanda;
Bodokro;
Bondoukou;
Bongouanou;
Boniķrķdougou;
Bonon;
Bonoua;
Booko;
Borotou;
Botro;
Bouaflķ;
Bouakķ;
Bouna;
Boundiali;
Brobo;
Buyo;
Cocody;
Dabakala;
Dabou;
Daloa;
Dananķ;
Daoukro;
Diabo;
Dianra;
Diawala;
Didiķvi;
Diķgonķfla;
Dikodougou;
Dimbokro;
Dioulatiķdougou;
Divo;
Djebonoua;
DjĶkanou;
Djibrosso;
Doropo;
Dualla;
Duķkouķ;
Ettrokro;
Facobly;
Ferkessķdougou;
Foumbolo;
Fresco;
Fronan;
Gagnoa;
Gbeleban;
Gboguhķ;
Gbon;
Gbonnķ;
Gohitafla;
Goulia;
Grabo;
Grand-Bassam;
Grand-Bķrķby;
Grand-Lahou;
Grand-Zattry;
Guķyo;
Guibķroua;
Guiembķ;
Guiglo;
Guintķguķla;
Guitry;
Hirķ;
Issia;
Jacqueville;
Kanakono;
Kani;
Kaniasso;
Karakoro;
Kassķrķ;
Katiola;
Kokoumbo;
Kolia;
Komborodougou;
Kong;
Kongasso;
Koonan;
Korhogo;
Koro;
Kouassi-Datķkro;
Kouassi-Kouassikro;
Kouibly;
Koumassi;Mairie de Koumassi_Officiel | Koumassi Abidjan | Facebook
Koumbala;
Kounahiri;
Koun-Fao;
Kouto;
Lakota;
Logoualķ;
MÆbahiakro;
MÆbatto;
MÆbenguķ;
Madinani;
Mafķrķ;
Man;
Mankono;
Marcory;
Massala;
Mayo;
Mķagui;
Minignan;
Morondo;
NÆdouci;
Napiķ;
Nassian;
Niablķ;
Niakaramandougou;
Niķllķ;
Niofoin;
Odiennķ;
Ouangolodougou;
Ouaninou;
Ouellķ;
Oumķ;
Ouragahio;
Plateau;
Port-bouļt;
Prikro;
Rubino;
Sa’oua;
Sakassou;
Samatiguila;
San Pedro;
Sandķguķ;
Sangouinķ;
Sarhala;
Sassandra;
Satama-Sokoro;
Satama-Sokoura;
Sķguķla;
Sķguelon;
Seydougou;
Sifiķ;
Sikensi;
Sinķmatiali;
Sinfra;
Sipilou;
Sirasso;
Songon;
Soubrķ;
Taabo;
Tabou;
Tafirķ;
Ta’;
Tanda;
Tķhini;
Tengrķla;
Tiapoum;
Tiassalķ;
Tiķbissou;
Tiķmķ;
Tiķmķlķkro;
Tie-nÆdiekro;
Tiķningbouķ;
Tienko;
Tioroniaradougou;
Tortiya;
Touba;
Toulķpleu;
Toumodi;
Transua;
Treichville;
Vavoua;
Worofla;
Yakassķ-Attobrou;
Yamoussoukro;
Yopougon;
Zikisso;
Zouan-Hounien;
Zoukougbeu;
Zuķnoula;
